<beans xmlns="http://www.springframework.org/schema/beans"
       xmlns:xsi="http://www.w3.org/2001/XMLSchema-instance" xmlns:context="http://www.springframework.org/schema/context"
       xmlns:aop="http://www.springframework.org/schema/aop" xmlns:tx="http://www.springframework.org/schema/tx"
       xsi:schemaLocation="http://www.springframework.org/schema/beans
            http://www.springframework.org/schema/beans/spring-beans-4.0.xsd
            http://www.springframework.org/schema/context
            http://www.springframework.org/schema/context/spring-context-4.0.xsd
            http://www.springframework.org/schema/aop http://www.springframework.org/schema/aop/spring-aop-4.0.xsd
            http://www.springframework.org/schema/tx http://www.springframework.org/schema/tx/spring-tx-4.0.xsd">
    <!-- class annotation related... start -->
    <context:component-scan base-package="com.ssm.service,com.ssm.utils,com.ssm.dao" />
    <!-- class annotation related... end -->
    <!-- mybatis related... start -->
    <bean
            class="org.springframework.beans.factory.config.PropertyPlaceholderConfigurer">
        <property name="locations">
            <list>
                <value>classpath:jdbc.properties</value>
                <value>classpath:redis.properties</value>
            </list>
        </property>
    </bean>
    <bean id="dataSource" class="com.mchange.v2.c3p0.ComboPooledDataSource "
          destroy-method="close">
        <property name="driverClass" value="com.mysql.jdbc.Driver" />
        <property name="jdbcUrl"
                  value="jdbc:mysql://${jdbc.host}:${jdbc.port}/${jdbc.database}?useUnicode=true&amp;characterEncoding=utf8" />
        <property name="user" value="${jdbc.username}" />
        <property name="password" value="${jdbc.password}" />
        <property name="acquireIncrement" value="1" />
        <property name="initialPoolSize" value="5" />
        <property name="maxPoolSize" value="20" />
        <property name="minPoolSize" value="5" />
        <property name="maxStatements" value="100" />
        <property name="testConnectionOnCheckout" value="true" />
    </bean>

    <!-- spring和MyBatis完美整合，不需要mybatis的配置映射文件 -->


    <!-- myBatis文件 -->
    <bean id="sqlSessionFactory" class="org.mybatis.spring.SqlSessionFactoryBean">
        <property name="dataSource" ref="dataSource" />
        <!-- 配置数据库表对应的java实体类 -->
        <property name="typeAliasesPackage" value="com.ssm.pojo" />
        <!-- 自动扫描entity目录, 省掉Configuration.xml里的手工配置 -->
        <property name="mapperLocations" value="classpath:UserMapper.xml"></property>
    </bean>
    <bean class="org.mybatis.spring.mapper.MapperScannerConfigurer">
        <property name="basePackage" value="com.ssm.dao" />
        <property name="sqlSessionFactoryBeanName" value="sqlSessionFactory" />
    </bean>



    <!-- transaction config related... start -->
    <tx:annotation-driven transaction-manager="transactionManager" />
    <bean id="transactionManager"
          class="org.springframework.jdbc.datasource.DataSourceTransactionManager">
        <property name="dataSource" ref="dataSource" />
    </bean>
    <!-- transaction config related... end -->

    <!-- redis config start -->
    <!-- 配置JedisPoolConfig实例 -->
    <bean id="poolConfig" class="redis.clients.jedis.JedisPoolConfig">
        <property name="maxIdle" value="${redis.maxIdle}" />
        <property name="maxTotal" value="${redis.maxActive}" />
        <property name="maxWaitMillis" value="${redis.maxWait}" />
        <property name="testOnBorrow" value="${redis.testOnBorrow}" />
    </bean>

    <!-- 配置JedisConnectionFactory -->
    <bean id="jedisConnectionFactory"
          class="org.springframework.data.redis.connection.jedis.JedisConnectionFactory">
        <property name="hostName" value="${redis.host}" />
        <property name="port" value="${redis.port}" />
         <property name="password" value="${redis.pass}" />
        <property name="database" value="${redis.dbIndex}" />
        <property name="poolConfig" ref="poolConfig" />
    </bean>

    <!-- 配置RedisTemplate -->
    <bean id="redisTemplate" class="org.springframework.data.redis.core.RedisTemplate">
        <property name="connectionFactory" ref="jedisConnectionFactory" />
    </bean>

    <!-- 配置RedisCacheManager -->
    <bean id="redisCacheManager" class="org.springframework.data.redis.cache.RedisCacheManager">
        <constructor-arg name="redisOperations" ref="redisTemplate" />
        <property name="defaultExpiration" value="${redis.expiration}" />
    </bean>

    <!-- 配置RedisCacheConfig -->
    <bean id="redisCacheConfig" class="com.ssm.utils.RedisCacheConfig">
        <constructor-arg ref="jedisConnectionFactory" />
        <constructor-arg ref="redisTemplate" />
        <constructor-arg ref="redisCacheManager" />
    </bean>
    <!-- redis config end -->
</beans>